handle,id,texto_eliminado,chars
banador-essential-crema,gid://shopify/Product/15828872462720,<li>15% de descuento automático</li>,36
banador-essential-navy,gid://shopify/Product/15828872495488,<li>15% de descuento automático</li>,36
banador-essential-arena,gid://shopify/Product/15828872626560,<li>15% de descuento automático</li>,36
banador-essential-chocolate,gid://shopify/Product/15828872659328,<li>15% de descuento automático</li>,36
banador-essential-burdeos,gid://shopify/Product/15828872692096,<li>15% de descuento automático</li>,36
banador-essential-negro,gid://shopify/Product/15828872429952,<li>15% de descuento automático</li>,36
banador-essential-verde-oliva,gid://shopify/Product/15828872593792,<li>15% de descuento automático</li>,36
banador-essential-piedra,gid://shopify/Product/15828872790400,<li>15% de descuento automático</li>,36
bandana-mascota-essential-crema,gid://shopify/Product/15828879376768,<li>15% de descuento automático</li>,36
bandana-mascota-essential-burdeos,gid://shopify/Product/15828879409536,<li>15% de descuento automático</li>,36
bikini-essential-crema,gid://shopify/Product/15828874264960,<li>15% de descuento automático</li>,36
bikini-essential-burdeos,gid://shopify/Product/15828874428800,<li>15% de descuento automático</li>,36
bikini-essential-arena,gid://shopify/Product/15828874494336,<li>15% de descuento automático</li>,36
bandana-mascota-essential-negro,gid://shopify/Product/15828879344000,<li>15% de descuento automático</li>,36
bikini-essential-chocolate,gid://shopify/Product/15828911063424,<li>15% de descuento automático</li>,36
bikini-essential-negro,gid://shopify/Product/15828874232192,<li>15% de descuento automático</li>,36
bikini-essential-navy,gid://shopify/Product/15828874297728,<li>15% de descuento automático</li>,36
bikini-essential-verde-oliva,gid://shopify/Product/15828874396032,<li>15% de descuento automático</li>,36
bikini-essential-piedra,gid://shopify/Product/15828911096192,<li>15% de descuento automático</li>,36
bomber-essential-burdeos,gid://shopify/Product/15828984398208,<li>15% de descuento automático</li>,36
camiseta-oversized-essential-blanco-vintage,gid://shopify/Product/15828879475072,<li>15% de descuento automático</li>,36
camiseta-oversized-essential-caqui,gid://shopify/Product/15828879507840,<li>15% de descuento automático</li>,36
camiseta-oversized-essential-granate-lavado,gid://shopify/Product/15828879573376,<li>15% de descuento automático</li>,36
bomber-essential-negro,gid://shopify/Product/15828984267136,<li>15% de descuento automático</li>,36
bomber-essential-verde-oliva,gid://shopify/Product/15828984332672,<li>15% de descuento automático</li>,36
chanclas-essential-negro,gid://shopify/Product/15828875411840,<li>15% de descuento automático</li>,36
chanclas-essential-crema,gid://shopify/Product/15828875444608,<li>15% de descuento automático</li>,36
camiseta-oversized-essential-negro-lavado,gid://shopify/Product/15828879442304,<li>15% de descuento automático</li>,36
cojin-essential-negro,gid://shopify/Product/15828996555136,<li>15% de descuento automático</li>,36
cojin-essential-crema,gid://shopify/Product/15828996587904,<li>15% de descuento automático</li>,36
cortavientos-essential-hombre-navy,gid://shopify/Product/15828984430976,<li>15% de descuento automático</li>,36
cortavientos-essential-hombre-arena,gid://shopify/Product/15828984496512,<li>15% de descuento automático</li>,36
cortavientos-essential-hombre-chocolate,gid://shopify/Product/15828984529280,<li>15% de descuento automático</li>,36
cojin-essential-verde-oliva,gid://shopify/Product/15828996620672,<li>15% de descuento automático</li>,36
manta-essential-crema,gid://shopify/Product/15828996653440,<li>15% de descuento automático</li>,36
slides-essential-hombre-negro,gid://shopify/Product/15828874527104,<li>15% de descuento automático</li>,36
slides-essential-hombre-navy,gid://shopify/Product/15828874559872,<li>15% de descuento automático</li>,36
rinonera-essential-negro,gid://shopify/Product/15828911292800,<li>15% de descuento automático</li>,36
rinonera-essential-verde-oliva,gid://shopify/Product/15828911325568,<li>15% de descuento automático</li>,36
manta-essential-navy,gid://shopify/Product/15828996718976,<li>15% de descuento automático</li>,36
street-royalty-bandana-para-mascotas-corona-srh-negro,gid://shopify/Product/15828603961728,+ 15% de descuento automático aplicado en el carrito,53
street-royalty-bucket-hat-corona-lineart-negro-y-navy,gid://shopify/Product/15828712587648,+ 15% de descuento automático aplicado en el carrito,53
street-royalty-bucket-hat-corona-lineart-blanco-y-caqui,gid://shopify/Product/15828713898368,+ 15% de descuento automático aplicado en el carrito,53
slides-essential-mujer-arena,gid://shopify/Product/15828875346304,<li>15% de descuento automático</li>,36
slides-essential-mujer-burdeos,gid://shopify/Product/15828875379072,<li>15% de descuento automático</li>,36
street-royalty-bucket-hat-sello-circular-negro-y-navy,gid://shopify/Product/15828607271296,+ 15% de descuento automático,30
street-royalty-bucket-hat-sello-circular-blanco-y-caqui,gid://shopify/Product/15828608713088,+ 15% de descuento automático,30
street-royalty-bucket-hat-corona-srh-negro-y-navy,gid://shopify/Product/15828710392192,+ 15% de descuento automático aplicado en el carrito,53
street-royalty-bucket-hat-corona-srh-blanco-y-caqui,gid://shopify/Product/15828711342464,+ 15% de descuento automático aplicado en el carrito,53
street-royalty-bucket-hat-sello-club-blanco-y-caqui,gid://shopify/Product/15828717306240,+ 15% de descuento automático aplicado en el carrito,53
street-royalty-camiseta-arco-college-negro,gid://shopify/Product/15827962233216,+ 15% de descuento automático en el carrito,44
street-royalty-camiseta-arco-college-crema,gid://shopify/Product/15827962724736,+ 15% de descuento automático en el carrito,44
street-royalty-bucket-hat-srh-varsity-caqui,gid://shopify/Product/15828611006848,+ 15% de descuento automático,30
street-royalty-bucket-hat-srh-varsity-negro-y-navy,gid://shopify/Product/15828715307392,+ 15% de descuento automático aplicado en el carrito,53
street-royalty-bucket-hat-wordmark-negro-y-navy,gid://shopify/Product/15828716290432,+ 15% de descuento automático aplicado en el carrito,53
street-royalty-camiseta-corona-arco-negro,gid://shopify/Product/15827941425536,+ 15% de descuento automático en el carrito,44
street-royalty-camiseta-corona-arco-crema,gid://shopify/Product/15827947618688,+ 15% de descuento automático en el carrito,44
street-royalty-camiseta-de-tirantes-srh-varsity-negro-y-navy,gid://shopify/Product/15828621787520,+ 15% de descuento automático,30
street-royalty-camiseta-de-tirantes-srh-varsity-blanco-y-gris-atletico,gid://shopify/Product/15828622311808,+ 15% de descuento automático,30
street-royalty-camiseta-de-tirantes-stay-royal-blanco,gid://shopify/Product/15828622836096,+ 15% de descuento automático,30
street-royalty-camiseta-dorsal-07-negro,gid://shopify/Product/15827939033472,+ 15% de descuento automático en el carrito,44
street-royalty-camiseta-dorsal-07-blanco,gid://shopify/Product/15827940082048,+ 15% de descuento automático en el carrito,44
street-royalty-camiseta-eco-arco-college-negro-y-navy,gid://shopify/Product/15828619788672,+ 15% de descuento automático,30
street-royalty-camiseta-eco-arco-college-blanco,gid://shopify/Product/15828620738944,+ 15% de descuento automático,30
street-royalty-camiseta-eco-crest-srh-blanco,gid://shopify/Product/15828621033856,+ 15% de descuento automático,30
street-royalty-camiseta-royalty-blackletter-blanco,gid://shopify/Product/15827963838848,+ 15% de descuento automático en el carrito,44
street-royalty-camiseta-manga-larga-arco-college-negro-y-navy,gid://shopify/Product/15828600816000,+ 15% de descuento automático en el carrito,44
street-royalty-camiseta-manga-larga-arco-college-blanco-y-arena,gid://shopify/Product/15828603076992,+ 15% de descuento automático en el carrito,44
street-royalty-camiseta-manga-larga-dorsal-07-negro,gid://shopify/Product/15828603699584,+ 15% de descuento automático en el carrito,44
street-royalty-camiseta-manga-larga-dorsal-07-blanco,gid://shopify/Product/15828606091648,+ 15% de descuento automático en el carrito,44
street-royalty-camiseta-sello-circular-negro,gid://shopify/Product/15827936870784,+ 15% de descuento automático en el carrito,44
street-royalty-camiseta-sello-circular-blanco-y-crema,gid://shopify/Product/15827937755520,+ 15% de descuento automático en el carrito,44
street-royalty-camiseta-sello-club-negro,gid://shopify/Product/15827939524992,+ 15% de descuento automático en el carrito,44
street-royalty-camiseta-sello-club-blanco-y-crema,gid://shopify/Product/15827940508032,+ 15% de descuento automático en el carrito,44
street-royalty-camiseta-royalty-blackletter-negro,gid://shopify/Product/15827963249024,+ 15% de descuento automático en el carrito,44
street-royalty-camiseta-wide-lockup-blanco-y-crema,gid://shopify/Product/15827941032320,+ 15% de descuento automático en el carrito,44
street-royalty-camiseta-stay-royal-crema,gid://shopify/Product/15827943227776,+ 15% de descuento automático en el carrito,44
street-royalty-camiseta-stay-royal-negro,gid://shopify/Product/15827946602880,+ 15% de descuento automático en el carrito,44
street-royalty-camiseta-srh-varsity-crema,gid://shopify/Product/15827964330368,+ 15% de descuento automático en el carrito,44
street-royalty-camiseta-srh-varsity-negro,gid://shopify/Product/15827964952960,+ 15% de descuento automático en el carrito,44
street-royalty-camiseta-wordmark-negro,gid://shopify/Product/15827935265152,+ 15% de descuento automático en el carrito,44
street-royalty-camiseta-wide-lockup-negro,gid://shopify/Product/15827947159936,+ 15% de descuento automático en el carrito,44
street-royalty-camiseta-wordmark-blanco-y-crema,gid://shopify/Product/15827961774464,+ 15% de descuento automático en el carrito,44
street-royalty-funda-de-movil-vertical-srhood-mate,gid://shopify/Product/15828612645248,+ 15% de descuento automático aplicado en el carrito,53
street-royalty-funda-de-movil-crest-srh-mate,gid://shopify/Product/15828619624832,+ 15% de descuento automático aplicado en el carrito,53
street-royalty-gorra-corona-line-art-negro,gid://shopify/Product/15827956859264,+ 15% de descuento automático en tu primera compra,51
street-royalty-gorra-corona-line-art-navy,gid://shopify/Product/15828691681664,+ 15% de descuento automático aplicado en el carrito,53
street-royalty-gorra-corona-line-art-caqui,gid://shopify/Product/15828692566400,+ 15% de descuento automático aplicado en el carrito,53
street-royalty-gorra-corona-srh-negro-y-navy-1,gid://shopify/Product/15827955351936,+ 15% de descuento automático en tu primera compra,51
street-royalty-gorra-corona-srh-piedra-y-caqui,gid://shopify/Product/15827956367744,+ 15% de descuento automático en tu primera compra,51
street-royalty-gorra-corona-line-art-piedra,gid://shopify/Product/15827957350784,+ 15% de descuento automático en tu primera compra,51
street-royalty-gorra-sello-club-navy,gid://shopify/Product/15828697022848,+ 15% de descuento automático aplicado en el carrito,53
street-royalty-gorra-sello-club-caqui,gid://shopify/Product/15828697842048,+ 15% de descuento automático aplicado en el carrito,53
street-royalty-gorra-srh-varsity-caqui,gid://shopify/Product/15827957842304,+ 15% de descuento automático en tu primera compra,51
street-royalty-gorra-srh-varsity-negro-y-navy,gid://shopify/Product/15828692894080,+ 15% de descuento automático aplicado en el carrito,53
street-royalty-gorra-srh-varsity-piedra,gid://shopify/Product/15828693287296,+ 15% de descuento automático aplicado en el carrito,53
street-royalty-gorra-stay-royal-negro,gid://shopify/Product/15828695318912,+ 15% de descuento automático aplicado en el carrito,53
street-royalty-gorra-stay-royal-caqui-y-piedra,gid://shopify/Product/15828696072576,+ 15% de descuento automático aplicado en el carrito,53
street-royalty-gorro-corona-lineart-gris-jaspeado,gid://shopify/Product/15828609859968,+ 15% de descuento automático,30
street-royalty-gorra-wordmark-negro-y-navy,gid://shopify/Product/15828693942656,+ 15% de descuento automático aplicado en el carrito,53
street-royalty-gorra-wordmark-caqui-y-piedra,gid://shopify/Product/15828694335872,+ 15% de descuento automático aplicado en el carrito,53
street-royalty-gorro-corona-lineart-negro-y-navy,gid://shopify/Product/15828699677056,+ 15% de descuento automático aplicado en el carrito,53
street-royalty-gorro-corona-lineart-blanco,gid://shopify/Product/15828700332416,+ 15% de descuento automático aplicado en el carrito,53
street-royalty-gorro-corona-srh-negro-y-navy,gid://shopify/Product/15828604125568,+ 15% de descuento automático,30
street-royalty-gorro-corona-srh-blanco-y-gris-jaspeado,gid://shopify/Product/15828605075840,+ 15% de descuento automático,30
street-royalty-gorro-srh-varsity-negro-y-navy,gid://shopify/Product/15828701512064,+ 15% de descuento automático aplicado en el carrito,53
street-royalty-gorro-srh-varsity-blanco-y-gris-jaspeado,gid://shopify/Product/15828702790016,+ 15% de descuento automático aplicado en el carrito,53
street-royalty-gorro-stay-royal-navy,gid://shopify/Product/15828708032896,+ 15% de descuento automático aplicado en el carrito,53
street-royalty-hoodie-corona-srh-arena,gid://shopify/Product/15827937034624,+ 15% de descuento automático aplicado en el carrito,53
street-royalty-hoodie-arco-college-negro,gid://shopify/Product/15827937362304,+ 15% de descuento automático aplicado en el carrito,53
street-royalty-hoodie-arco-college-arena,gid://shopify/Product/15827939688832,+ 15% de descuento automático aplicado en el carrito,53
street-royalty-gorro-wordmark-negro-y-navy,gid://shopify/Product/15828705018240,+ 15% de descuento automático aplicado en el carrito,53
street-royalty-gorro-wordmark-blanco-y-gris-jaspeado,gid://shopify/Product/15828706558336,+ 15% de descuento automático aplicado en el carrito,53
street-royalty-hoodie-corona-srh-negro-y-navy,gid://shopify/Product/15827936182656,+ 15% de descuento automático aplicado en el carrito,53
street-royalty-hoodie-royalty-blackletter-negro,gid://shopify/Product/15827940245888,+ 15% de descuento automático aplicado en el carrito,53
street-royalty-hoodie-crest-srh-navy,gid://shopify/Product/15827943096704,+ 15% de descuento automático aplicado en el carrito,53
street-royalty-hoodie-crest-srh-arena,gid://shopify/Product/15827943686528,+ 15% de descuento automático aplicado en el carrito,53
street-royalty-hoodie-stay-royal-negro,gid://shopify/Product/15827944472960,+ 15% de descuento automático aplicado en el carrito,53
street-royalty-jogger-vertical-srhood-black-heather,gid://shopify/Product/15828617789824,+ 15% de descuento automático en el carrito,44
street-royalty-jogger-corona-srh-negro-navy-y-negro-jaspeado,gid://shopify/Product/15828690076032,+ 15% de descuento automático en tu primera compra,51
street-royalty-jogger-corona-srh-gris-atletico,gid://shopify/Product/15828690862464,+ 15% de descuento automático en tu primera compra,51
street-royalty-jogger-corona-arco-negro-navy-y-negro-jaspeado,gid://shopify/Product/15828714029440,+ 15% de descuento automático en tu primera compra,51
street-royalty-jogger-vertical-srhood-gris-atletico,gid://shopify/Product/15828719141248,+ 15% de descuento automático en tu primera compra,51
street-royalty-jogger-vertical-srhood-negro,gid://shopify/Product/15828717207936,+ 15% de descuento automático en tu primera compra,51
street-royalty-jogger-vertical-srhood-navy,gid://shopify/Product/15828718453120,+ 15% de descuento automático en tu primera compra,51
street-royalty-pantalon-corona-srh-negro-azul-marino-y-gris-antracita,gid://shopify/Product/15828733821312,y 15% de descuento automático en el carrito,44
street-royalty-pantalon-vertical-srhood-gris-carbon,gid://shopify/Product/15828736344448,y 15% de descuento automático en el carrito,44
street-royalty-pantalon-vertical-srhood-blanco,gid://shopify/Product/15828736442752,y 15% de descuento automático en el carrito,44
street-royalty-poster-royalty-blackletter-blanco,gid://shopify/Product/15828605174144,+ 15% de descuento automático aplicado en el carrito,53
street-royalty-poster-arco-college-blanco,gid://shopify/Product/15828606583168,+ 15% de descuento automático aplicado en el carrito,53
street-royalty-poster-wide-lockup-blanco,gid://shopify/Product/15828611072384,+ 15% de descuento automático aplicado en el carrito,53
street-royalty-shorts-corona-lineart-negro,gid://shopify/Product/15828737687936,y 15% de descuento automático en el carrito,44
street-royalty-shorts-corona-lineart-blanco-y-gris-jaspeado,gid://shopify/Product/15828737917312,y 15% de descuento automático en el carrito,44
street-royalty-sudadera-cremallera-corona-srh-blanco-y-sport-grey,gid://shopify/Product/15828610351488,+ 15% de descuento automático en el carrito,44
street-royalty-sudadera-cremallera-corona-arco-negro,gid://shopify/Product/15828612874624,+ 15% de descuento automático en el carrito,44
street-royalty-sudadera-cremallera-corona-arco-sport-grey,gid://shopify/Product/15828614480256,+ 15% de descuento automático en el carrito,44
street-royalty-shorts-srh-varsity-negro,gid://shopify/Product/15828738408832,y 15% de descuento automático en el carrito,44
street-royalty-shorts-wide-lockup-blanco-y-gris-jaspeado,gid://shopify/Product/15828738703744,y 15% de descuento automático en el carrito,44
street-royalty-sudadera-crest-srh-blanco,gid://shopify/Product/15827956302208,+ 15% de descuento automático aplicado en el carrito,53
street-royalty-sudadera-crest-srh-negro,gid://shopify/Product/15827956990336,+ 15% de descuento automático aplicado en el carrito,53
street-royalty-sudadera-wide-lockup-arena,gid://shopify/Product/15827958202752,+ 15% de descuento automático aplicado en el carrito,53
street-royalty-sudadera-srh-varsity-arena,gid://shopify/Product/15827958989184,+ 15% de descuento automático aplicado en el carrito,53
street-royalty-sudadera-cremallera-corona-srh-negro-y-navy,gid://shopify/Product/15828608876928,+ 15% de descuento automático en el carrito,44
street-royalty-sudadera-wordmark-negro,gid://shopify/Product/15827948798336,+ 15% de descuento automático aplicado en el carrito,53
street-royalty-sudadera-wordmark-arena-y-blanco,gid://shopify/Product/15827949322624,+ 15% de descuento automático aplicado en el carrito,53
street-royalty-taza-sello-circular-blanco,gid://shopify/Product/15828601602432,+ 15% de descuento automático aplicado en el carrito,53
street-royalty-taza-sello-club-negro,gid://shopify/Product/15828602913152,+ 15% de descuento automático aplicado en el carrito,53
street-royalty-taza-corona-line-art-blanco,gid://shopify/Product/15828607304064,+ 15% de descuento automático aplicado en el carrito,53
street-royalty-tote-sello-circular-blanco,gid://shopify/Product/15827958333824,+ 15% de descuento automático en tu primera compra,51
street-royalty-tote-sello-circular-negro,gid://shopify/Product/15827958825344,+ 15% de descuento automático en tu primera compra,51
street-royalty-tote-sello-club-blanco,gid://shopify/Product/15827959284096,+ 15% de descuento automático en tu primera compra,51
street-royalty-tote-wide-lockup-negro,gid://shopify/Product/15827959579008,+ 15% de descuento automático en tu primera compra,51
street-royalty-tote-corona-line-art-blanco,gid://shopify/Product/15827960103296,+ 15% de descuento automático en tu primera compra,51
tote-essential-crema,gid://shopify/Product/15828911194496,<li>15% de descuento automático</li>,36
tote-essential-arena,gid://shopify/Product/15828911260032,<li>15% de descuento automático</li>,36
toalla-playa-essential-navy,gid://shopify/Product/15828996424064,<li>15% de descuento automático</li>,36
toalla-playa-essential-arena,gid://shopify/Product/15828996456832,<li>15% de descuento automático</li>,36
toalla-playa-essential-burdeos,gid://shopify/Product/15828996522368,<li>15% de descuento automático</li>,36
zapatillas-altas-essential-hombre-negro,gid://shopify/Product/15828875510144,<li>15% de descuento automático</li>,36
zapatillas-altas-essential-hombre-verde-oliva,gid://shopify/Product/15828875542912,<li>15% de descuento automático</li>,36
zapatillas-altas-essential-hombre-crema,gid://shopify/Product/15828875575680,<li>15% de descuento automático</li>,36
tote-essential-negro,gid://shopify/Product/15828911128960,<li>15% de descuento automático</li>,36
tote-essential-navy,gid://shopify/Product/15828911227264,<li>15% de descuento automático</li>,36
zapatillas-altas-essential-mujer-burdeos,gid://shopify/Product/15828875608448,<li>15% de descuento automático</li>,36
zapatillas-altas-essential-mujer-arena,gid://shopify/Product/15828878131584,<li>15% de descuento automático</li>,36
zapatillas-deportivas-essential-hombre-negro,gid://shopify/Product/15828878164352,<li>15% de descuento automático</li>,36
zapatillas-deportivas-essential-hombre-navy,gid://shopify/Product/15828878197120,<li>15% de descuento automático</li>,36
zapatillas-deportivas-essential-mujer-crema,gid://shopify/Product/15828878262656,<li>15% de descuento automático</li>,36
zapatillas-deportivas-essential-mujer-piedra,gid://shopify/Product/15828878229888,<li>15% de descuento automático</li>,36
zapatillas-lona-essential-hombre-chocolate,gid://shopify/Product/15828878328192,<li>15% de descuento automático</li>,36
zapatillas-lona-essential-mujer-navy,gid://shopify/Product/15828878360960,<li>15% de descuento automático</li>,36
zapatillas-slip-on-essential-hombre-negro,gid://shopify/Product/15828878393728,<li>15% de descuento automático</li>,36
zapatillas-slip-on-essential-mujer-arena,gid://shopify/Product/15828879278464,<li>15% de descuento automático</li>,36
